Model,Accuracy,Precision,Recall,F1,ROC-AUC
Logistic Regression,0.8443396226415094,0.4117647058823529,0.05426356589147287,0.0958904109589041,0.7021918901143924
Random Forest,0.847877358490566,0.5,0.046511627906976744,0.0851063829787234,0.6436750008086166
Gradient Boosting,0.8431603773584906,0.4166666666666667,0.07751937984496124,0.13071895424836602,0.6604187555929316
