method,R_mir,R_attr,R_id,R_nnaa,privacy_score
ctgan,0.1786148238153098,0.0,0.0,0.7795625427204375,0.7604556583660631
kanon,0.1804374240583232,0.0949868073878627,0.0,0.8092959671907041,0.7288199503407775
noise,0.2102065613608748,0.216867469879518,0.0,0.9562542720437456,0.6541679241789653
diffusion,0.22235722964763063,0.2988505747126437,0.155367,0.374678,0.7371867989099314
